Post ID,y_true,y_pred_label_img,prob_img,y_pred_label_txt,y_pred_label_txt_final,y_pred_label_txt,y_pred_ensemble,y_pred_ensemble_label
7559399758,0,0,0.002435926,0.2080214,0.7919786,1,0.278775862,0
7557653868,0,0,0.000362946,0.81601465,0.18398535,0,0.064630787,0
7557653778,0,0,0.000393622,0.89976263,0.10023737,0,0.035338934,0
7557639956,0,0,0.001209859,0.70150155,0.29849845,0,0.105260866,0
7557639894,0,0,0.00050399,0.8010755,0.1989245,0,0.069951169,0
7557639823,0,0,0.000266974,0.47123712,0.52876288,1,0.185240541,0
7557639721,0,0,0.000398616,0.5747961,0.4252039,0,0.149080465,0
7557639664,0,0,0.000274538,0.89080346,0.10919654,0,0.038397239,0
7557638959,0,0,0.000357657,0.9477779,0.0522221,0,0.018510212,0
7557638903,0,0,0.000407254,0.5416376,0.4583624,0,0.160691555,0
7557638864,0,0,0.001020968,0.8125704,0.1874296,0,0.066263989,0
7557638816,0,0,0.000531053,0.41627455,0.58372545,1,0.204649092,0
7557638768,0,0,0.000629832,0.6656665,0.3343335,0,0.117426115,0
7557637499,0,0,0.00126539,0.7576315,0.2423685,0,0.085651479,0
7557637449,0,0,0.000216801,0.80139333,0.19860667,0,0.069653255,0
7557637411,0,0,0.000308642,0.96797633,0.03202367,0,0.011408902,0
7557637357,0,0,0.00046572,0.988756,0.011244,0,0.004238118,0
7557637304,0,0,0.000566046,0.68116367,0.31883633,0,0.111960645,0
7557653937,0,0,0.000796323,0.82189035,0.17810965,0,0.062855988,0
7557636864,0,0,0.000653579,0.9449766,0.0550234,0,0.019683016,0
7557669120,0,0,0.009569685,0.975362,0.024638,0,0.014843595,0
7557792095,0,0,0.000836937,0.8649632,0.1350368,0,0.047806889,0
7547124964,1,1,0.6909228,0.18058981,0.81941019,1,0.735893375,1
7558111706,0,0,0.010364391,0.21696673,0.78303327,1,0.280798498,0
7552135489,0,0,0.016274866,0.056603834,0.943396166,1,0.34076732,0
7550925564,0,0,0.020897534,0.47047877,0.52952123,1,0.198915827,0
7552621333,0,0,0.00691662,0.8672893,0.1327107,0,0.050944548,0
7552621527,0,0,0.3337686,0.16854124,0.83145876,1,0.507960148,1
7553449976,0,0,0.016274866,0.94354904,0.05645096,0,0.030336498,0
7553452582,0,0,0.004071226,0.65916497,0.34083503,0,0.121938557,0
7553768910,0,0,0.33766553,0.40152746,0.59847254,1,0.428947975,0
7554469552,0,0,0.00524271,0.9416132,0.0583868,0,0.023843141,0
7557852967,0,0,0.001692664,0.7396851,0.2603149,0,0.092210447,0
7557852842,0,0,0.00200542,0.4796434,0.5203566,1,0.183428333,0
7557839151,0,0,0.000247787,0.9762101,0.0237899,0,0.008487527,0
7557816083,0,0,0.025809886,0.94181,0.05819,0,0.037142926,0
7557793797,0,0,0.002133205,0.54826015,0.45173985,0,0.15949553,0
7557792823,1,1,0.7491085,0.77203214,0.22796786,0,0.566709257,1
7557792349,0,0,0.002257829,0.15026875,0.84973125,1,0.298873526,0
7557669227,0,0,0.000449862,0.57394344,0.42605656,0,0.149412206,0
7557636813,0,0,0.000387851,0.67104983,0.32895017,0,0.115384663,0
7557636713,0,0,0.002518557,0.80074346,0.19925654,0,0.071376851,0
7557636655,0,0,0.000356017,0.4961419,0.5038581,1,0.176581746,0
7556900525,0,0,0.000452259,0.90802246,0.09197754,0,0.032486107,0
7556899781,0,0,0.000666349,0.90252453,0.09747547,0,0.034549541,0
7556899744,0,0,0.000984222,0.6982792,0.3017208,0,0.106242024,0
7556899688,0,0,0.000941758,0.35978648,0.64021352,1,0.224686875,0
7556899655,0,0,0.001947648,0.8454975,0.1545025,0,0.055341846,0
7556899591,0,0,0.000420418,0.63701195,0.36298805,0,0.127319089,0
7556897509,0,0,0.000426266,0.89772934,0.10227066,0,0.036071804,0
7556897471,0,0,0.000296562,0.78991467,0.21008533,0,0.073722631,0
7556897433,0,0,0.000775645,0.9224058,0.0775942,0,0.027662139,0
7556897384,0,0,0.001407089,0.9161807,0.0838193,0,0.030251362,0
7556895616,0,0,0.000611836,0.5873967,0.4126033,0,0.144808848,0
7556895566,0,0,0.000910635,0.49354813,0.50645187,1,0.177850068,0
7556895544,0,0,0.000260754,0.9124636,0.0875364,0,0.03080723,0
7556895499,0,0,0.000704543,0.7056708,0.2943292,0,0.103473173,0
7556895467,0,0,0.000406552,0.9634764,0.0365236,0,0.013047519,0
7556842689,1,1,0.9948929,0.44008833,0.55991167,1,0.84264944,1
7548243620,0,0,0.002125311,0.095375784,0.904624216,1,0.317999928,0
7556900739,0,0,0.000362469,0.785883,0.214117,0,0.075176555,0
7556900981,0,0,0.001041436,0.429549,0.570451,1,0.200334783,0
7556901023,0,0,0.000645783,0.37444374,0.62555626,1,0.21936445,0
7556901065,0,0,0.000211842,0.75246304,0.24753696,0,0.086775634,0
7557586602,0,0,0.001461786,0.65504855,0.34495145,0,0.121683168,0
7557586548,0,0,0.001794005,0.7278189,0.2721811,0,0.096429488,0
7557583774,0,0,0.004500383,0.23002556,0.76997444,1,0.272416303,0
7557583720,0,0,0.021708166,0.9119125,0.0880875,0,0.044940932,0
7557580340,0,0,0.012985541,0.12385653,0.87614347,1,0.315090815,0
7557580257,0,0,0.009540623,0.4192344,0.5807656,1,0.209469365,0
7557577035,1,0,0.21486762,0.7156944,0.2843056,0,0.23917091,0
7557565544,0,0,0.001465599,0.7630519,0.2369481,0,0.083884474,0
7547018100,0,0,0.000387172,0.82958114,0.17041886,0,0.059898263,0
7557565473,0,0,0.005559866,0.75644946,0.24355054,0,0.088856602,0
7557565473,0,0,0.005559866,0.75644946,0.24355054,0,0.088856602,0
7557455916,0,0,0.003136802,0.77433527,0.22566473,0,0.081021577,0
7557361414,0,0,0.000333405,0.6520927,0.3479073,0,0.121984268,0
7546265566,1,1,0.95271,0.5693598,0.4306402,0,0.769985514,1
7546697478,0,0,0.000342525,0.7252105,0.2747895,0,0.096398966,0
7557072711,0,0,0.026562488,0.77433527,0.22566473,0,0.096248271,0
7556950125,0,0,0.000328115,0.93963474,0.06036526,0,0.021341116,0
7547728329,0,0,0.000372963,0.24706614,0.75293386,1,0.263769277,0
7547728329,0,0,0.000372963,0.24706614,0.75293386,1,0.263769277,0
7556660636,0,0,0.005759288,0.32698658,0.67301342,1,0.239298234,0
7547017207,0,0,0.00418093,0.76371133,0.23628867,0,0.085418639,0
7558215009,0,0,0.06710705,0.9365267,0.0634733,0,0.065835236,0
7559539263,0,0,0.000303997,0.95595866,0.04404134,0,0.015612067,0
7559532387,0,0,0.002640209,0.21192624,0.78807376,1,0.277541951,0
7559532171,0,0,0.000254155,0.49488586,0.50511414,1,0.17695515,0
7559532142,0,0,0.001988711,0.74272346,0.25727654,0,0.091339451,0
7559532107,0,0,0.000418301,0.779398,0.220602,0,0.077482596,0
7559528521,0,0,0.000941477,0.6855291,0.3144709,0,0.110676775,0
7559528504,0,0,0.000790873,0.7503453,0.2496547,0,0.087893212,0
7559528482,0,0,0.004957334,0.92339075,0.07660925,0,0.030035505,0
7559514401,1,0,0.3341645,0.24807733,0.75192267,1,0.480379845,0
7559468216,0,0,9.23E-05,0.7501196,0.2498804,0,0.087518154,0
7559468091,0,0,9.23E-05,0.7501196,0.2498804,0,0.087518154,0
7559462802,0,0,0.000733948,0.9401338,0.0598662,0,0.021430236,0
7559457973,0,0,0.000848945,0.26151675,0.73848325,1,0.259020951,0
7559450293,0,0,0.000692096,0.7074685,0.2925315,0,0.102835888,0
7559450234,0,0,0.000752107,0.9010994,0.0989006,0,0.03510408,0
7559449700,0,0,0.000486192,0.64074254,0.35925746,0,0.126056136,0
7559449642,0,0,0.000473653,0.30984908,0.69015092,1,0.241860697,0
7559539303,0,0,0.004659774,0.4453863,0.5546137,1,0.197143648,0
7559446088,0,0,0.003405699,0.74043614,0.25956386,0,0.093061055,0
7559539367,0,0,0.00093722,0.44090304,0.55909696,1,0.196293129,0
7559754908,0,0,0.001318967,0.6708372,0.3291628,0,0.116064309,0
7560229772,0,0,0.001240867,0.6176023,0.3823977,0,0.134645758,0
7560135314,0,0,0.000404562,0.9936355,0.0063645,0,0.00249054,0
7560100004,0,0,0.002188167,0.73013717,0.26986283,0,0.095874299,0
7560099819,0,0,0.001080871,0.95465124,0.04534876,0,0.016574632,0
7560099676,0,0,0.019363523,0.98894066,0.01105934,0,0.016457058,0
7560099485,0,0,0.000711219,0.9585114,0.0414886,0,0.014983302,0
7560099335,0,0,0.00017911,0.7136325,0.2863675,0,0.100345047,0
7560050461,0,0,0.000707345,0.3582828,0.6417172,1,0.225060794,0
7560050257,0,0,0.04348506,0.9569355,0.0430645,0,0.043337863,0
7560050113,0,0,0.001793789,0.28714654,0.71285346,1,0.250664674,0
7560050005,0,0,0.000443005,0.61287546,0.38712454,0,0.135781542,0
7560049783,0,0,0.013300782,0.7136325,0.2863675,0,0.108874133,0
7559916256,1,0,0.33783108,0.036879014,0.963120986,1,0.556682532,1
7559857476,1,1,0.99375904,0.2903431,0.7096569,1,0.894323259,1
7559780240,0,0,0.001393509,0.17805676,0.82194324,1,0.288585915,0
7559755321,0,0,0.004562139,0.16817324,0.83182676,1,0.294104756,0
7559732453,0,0,0.00566796,0.98274857,0.01725143,0,0.009722174,0
7559445188,0,0,0.000593863,0.38090098,0.61909902,1,0.217070668,0
7559445104,0,0,0.000883998,0.25972655,0.74027345,1,0.259670306,0
7559445000,0,0,0.000559635,0.8203128,0.1796872,0,0.063254283,0
7551625922,0,0,0.000226996,0.71155393,0.28844607,0,0.101103672,0
7551510529,0,0,0.01317247,0.9830139,0.0169861,0,0.01450724,0
7558966920,1,0,0.004442882,0.93444455,0.06555545,0,0.02583228,0
7550671283,0,0,0.001305198,0.5827426,0.4172574,0,0.146888469,0
7558681529,0,0,0.000786014,0.5777985,0.4222015,0,0.148281434,0
7547689011,0,0,0.000690934,0.8362541,0.1637459,0,0.057760172,0
7547686668,0,0,0.000432583,0.97934324,0.02065676,0,0.007511045,0
7547685794,0,0,0.000504135,0.92037106,0.07962894,0,0.028197817,0
7549077868,0,0,0.035689693,0.21662797,0.78337203,1,0.29737851,0
7549198907,0,0,0.048390713,0.40706986,0.59293014,1,0.238979512,0
7558624789,0,0,0.000484999,0.5165888,0.4834112,0,0.169509169,0
7548358142,0,0,0.017258631,0.8749339,0.1250661,0,0.054991245,0
7558469507,1,1,0.84723234,0.52833575,0.47166425,0,0.71578351,1
7557179445,0,0,0.00139376,0.94311607,0.05688393,0,0.020815319,0
7547895297,0,0,0.002929861,0.72604346,0.27395654,0,0.097789199,0
7558312456,0,0,0.001925825,0.32905287,0.67094713,1,0.236083282,0
7558262587,1,1,0.97180235,0.68894076,0.31105924,0,0.740542222,1
7551627029,0,0,0.001046153,0.8820455,0.1179545,0,0.041964074,0
7559007307,0,0,0.000739587,0.6247109,0.3752891,0,0.131831917,0
7548317130,0,0,0.01727147,0.12868704,0.87131296,1,0.316185992,0
7559444833,0,0,0.000927652,0.9814489,0.0185511,0,0.007095859,0
7559444616,0,0,0.002981672,0.7618956,0.2381044,0,0.085274627,0
7549499591,0,0,0.022061514,0.90796906,0.09203094,0,0.046550812,0
7559434777,0,0,0.000425748,0.9451757,0.0548243,0,0.019465241,0
7559401342,0,0,0.000225572,0.96957296,0.03042704,0,0.010796086,0
7559401249,0,0,0.000220194,0.8168216,0.1831784,0,0.064255566,0
7559401069,0,0,0.000627126,0.7547045,0.2452955,0,0.086261057,0
7559400966,0,0,0.000390016,0.86112076,0.13887924,0,0.048861244,0
7552215695,0,0,0.002473054,0.9322279,0.0677721,0,0.02532772,0
7559400887,0,0,0.000177365,0.9695886,0.0304114,0,0.010759277,0
7559396130,0,0,0.00047118,0.73984915,0.26015085,0,0.091359064,0
7559395989,0,0,0.000362946,0.8160147,0.1839853,0,0.06463077,0
7559395883,0,0,0.000398616,0.5747961,0.4252039,0,0.149080465,0
7559395670,0,0,0.000830608,0.76178837,0.23821163,0,0.083913966,0
7559358297,0,0,0.00188574,0.53645563,0.46354437,0,0.163466261,0
7559309020,0,0,0.001498729,0.89391845,0.10608155,0,0.038102716,0
7559308859,0,0,0.001135488,0.9735342,0.0264658,0,0.010001097,0
7559281363,0,0,0.000611525,0.7818831,0.2181169,0,0.076738406,0
7559396199,0,0,0.000585579,0.63446367,0.36553633,0,0.128318342,0
7545968292,0,0,0.035517942,0.60767007,0.39232993,0,0.160402137,0
7546001832,0,0,0.003879078,0.601457,0.398543,0,0.14201145,0
7545563380,0,0,0.025982194,0.4870992,0.5129008,1,0.196403705,0
7551048898,0,0,0.003744371,0.83175004,0.16824996,0,0.061321327,0
7541128799,0,0,0.000420095,0.564297,0.435703,0,0.152769112,0
7540566329,0,0,0.00180953,0.6379231,0.3620769,0,0.12790311,0
7550826167,1,1,0.99808294,0.195328,0.804672,1,0.930389081,1
7550675105,0,0,0.20614322,0.7177277,0.2822723,0,0.232788394,0
7545117194,0,0,0.02428114,0.9477313,0.0522687,0,0.034076785,0
7548339210,0,0,0.008914951,0.91827273,0.08172727,0,0.034399262,0
7539124835,0,0,0.32466373,0.80553406,0.19446594,0,0.279094501,0
7545351794,0,0,0.010102797,0.85319394,0.14680606,0,0.057948939,0
7550300391,0,0,0.29328132,0.68988824,0.31011176,0,0.299171966,0
7550294529,0,0,0.001070651,0.9480055,0.0519945,0,0.018893998,0
7550294382,0,0,0.000573118,0.6266906,0.3733094,0,0.131030816,0
7550294293,0,0,0.000178626,0.6603596,0.3396404,0,0.118990247,0
7550110860,0,0,0.03377269,0.88586587,0.11413413,0,0.061899193,0
7550071713,0,0,0.06699544,0.18479657,0.81520343,1,0.328868235,0
7549993368,0,1,0.9932685,0.3781918,0.6218082,1,0.863257388,1
7551049741,0,0,0.001333469,0.82348096,0.17651904,0,0.062648419,0
7539917791,0,0,0.005016661,0.26800215,0.73199785,1,0.259460077,0
7551258212,0,0,0.00078657,0.5817182,0.4182818,0,0.146909901,0
7551258278,0,0,0.000751341,0.8647715,0.1352285,0,0.047818347,0
7551616148,0,1,0.536212,0.9297587,0.0702413,0,0.373122258,0
7540173391,0,0,0.001536043,0.8484456,0.1515544,0,0.054042468,0
7551552445,1,1,0.67692935,0.21503647,0.78496353,1,0.714741286,1
7551463691,0,0,0.007061451,0.8815585,0.1184415,0,0.046044468,0
7551462404,0,0,0.015096396,0.64120567,0.35879433,0,0.135390672,0
7547681408,0,0,0.00521295,0.5774223,0.4225777,0,0.151290612,0
7551324259,1,1,0.9736652,0.21390042,0.78609958,1,0.90801721,1
7551262515,0,0,0.000815478,0.93548685,0.06451315,0,0.023109663,0
7551262466,0,0,0.000185697,0.9610244,0.0389756,0,0.013762163,0
7551260281,0,0,0.000630665,0.37853837,0.62146163,1,0.217921503,0
7551260252,0,0,0.000199592,0.8636079,0.1363921,0,0.04786697,0
7551259508,0,0,0.000835904,0.5414827,0.4585173,0,0.161024392,0
7551259447,0,0,0.000560091,0.78837645,0.21162355,0,0.074432302,0
7551259416,0,0,0.000472553,0.9722086,0.0277914,0,0.01003415,0
7551259385,0,0,0.001070651,0.9480055,0.0519945,0,0.018893998,0
7551258323,0,0,0.000768981,0.3262678,0.6737322,1,0.236306107,0
7551258304,0,0,0.000384265,0.7989978,0.2010022,0,0.070600542,0
7551258250,0,0,0.000295399,0.9411212,0.0588788,0,0.020799589,0
7541429498,0,0,0.003507048,0.28578615,0.71421385,1,0.252254428,0
7549635383,0,1,0.9805493,0.10019285,0.89980715,1,0.952289499,1
7538174317,0,0,0.001731208,0.94984025,0.05015975,0,0.018681198,0
7549049252,0,0,0.001162006,0.9667351,0.0332649,0,0.012398019,0
7549014363,0,0,0.000433419,0.9727774,0.0272226,0,0.009809632,0
7537785669,0,0,0.001847252,0.98798376,0.01201624,0,0.005406398,0
7537997953,0,0,0.000332091,0.98569494,0.01430506,0,0.00522263,0
7537999762,0,0,0.003539123,0.3582828,0.6417172,1,0.22690145,0
7538005896,0,0,0.002476234,0.28714654,0.71285346,1,0.251108263,0
7538006502,0,0,0.104288176,0.91635245,0.08364755,0,0.097063954,0
7538008889,0,0,0.036115833,0.98730665,0.01269335,0,0.027917964,0
7538005469,0,0,0.00037438,0.5307509,0.4692491,0,0.164480532,0
7538008125,0,0,0.00431753,0.9627009,0.0372991,0,0.015861079,0
7540898484,0,0,0.002604767,0.67160875,0.32839125,0,0.116630036,0
7538007159,0,0,0.08384485,0.91635245,0.08364755,0,0.083775792,0
7540897186,0,0,0.002899629,0.83562243,0.16437757,0,0.059416908,0
7537699999,0,0,0.000324056,0.97582334,0.02417666,0,0.008672467,0
7548893547,0,0,0.05359183,0.2422258,0.7577742,1,0.300055657,0
7548891770,0,0,0.0005863,0.12261136,0.87738864,1,0.307467119,0
7549224360,0,0,0.00320469,0.8216496,0.1783504,0,0.064505688,0
7549275675,0,0,0.000329074,0.9693177,0.0306823,0,0.010952703,0
7549275725,0,0,0.000617516,0.57332945,0.42667055,0,0.149736078,0
7549275864,0,0,0.000436855,0.37490788,0.62509212,1,0.219066198,0
7538502378,0,0,0.003978729,0.42329642,0.57670358,1,0.204432427,0
7549355208,0,0,0.000185697,0.9610244,0.0389756,0,0.013762163,0
7549354619,0,0,0.000376908,0.7583899,0.2416101,0,0.084808525,0
7549354474,0,0,0.000540828,0.9040638,0.0959362,0,0.033929208,0
7549354352,0,0,0.000585418,0.5683348,0.4316652,0,0.151463341,0
7538107978,0,0,0.008021052,0.51917547,0.48082453,0,0.173502269,0
7546755483,0,0,0.001370431,0.73581576,0.26418424,0,0.093355264,0
7546757246,0,0,0.000185343,0.9897087,0.0102913,0,0.003722428,0
7551783775,0,0,0.09580334,0.51327485,0.48672515,0,0.232625971,0
7546758735,0,0,0.001142539,0.95671314,0.04328686,0,0.015893051,0
7546761059,0,0,0.002060193,0.9135226,0.0864774,0,0.031606215,0
7546762168,0,0,0.001370431,0.6475241,0.3524759,0,0.124257345,0
7546769129,0,0,0.00048345,0.961867,0.038133,0,0.013660792,0
7549288977,0,0,0.002323417,0.122973695,0.877026305,1,0.308469427,0
7549284190,0,0,0.16374065,0.9629348,0.0370652,0,0.119404237,0
7549277827,0,0,0.000673063,0.19102784,0.80897216,1,0.283577747,0
7549277149,0,0,0.001370026,0.35939068,0.64060932,1,0.225103779,0
7549277076,0,0,0.000280067,0.7118238,0.2881762,0,0.101043714,0
7546760043,0,0,0.017070062,0.36603364,0.63396636,1,0.232983767,0
7551819188,0,0,0.000439704,0.9344439,0.0655561,0,0.023230443,0
7551820526,0,0,0.000280088,0.97566944,0.02433056,0,0.008697753,0
7551907827,0,0,0.003761647,0.98283535,0.01716465,0,0.008452698,0
7554500886,0,1,0.9626924,0.9605876,0.0394124,0,0.639544345,1
7554471547,0,0,0.000735025,0.6221573,0.3778427,0,0.132722711,0
7554470994,0,0,0.004097084,0.83026564,0.16973436,0,0.06207013,0
7554329569,0,0,0.007792737,0.9146348,0.0853652,0,0.034943099,0
7554254631,0,0,0.019136164,0.4893233,0.5106767,1,0.191175352,0
7554160479,0,0,0.055841073,0.7194904,0.2805096,0,0.134475055,0
7553317409,0,0,0.000963626,0.10740162,0.89259838,1,0.31303579,0
7553925425,0,0,0.003564453,0.50491536,0.49508464,0,0.175596518,0
7553880343,0,0,0.000285402,0.89192414,0.10807586,0,0.038012062,0
7553876085,0,0,0.001780529,0.18251699,0.81748301,1,0.287276398,0
7553876066,0,0,0.006133326,0.90072477,0.09927523,0,0.038732992,0
7553876044,0,0,0.001181927,0.2123659,0.7876341,1,0.276440187,0
7553876023,0,0,0.0028064,0.83560836,0.16439164,0,0.059361234,0
7553874624,0,0,0.000233115,0.85607177,0.14392823,0,0.050526405,0
7553874598,0,0,0.001127692,0.79631853,0.20368147,0,0.072021514,0
7553874574,0,0,0.000756167,0.3165992,0.6834008,1,0.239681788,0
7554531694,1,1,0.8814147,0.22838588,0.77161412,1,0.84298449,1
7543527460,0,0,0.002435926,0.2080214,0.7919786,1,0.278775862,0
7552722664,0,0,0.000726872,0.99063855,0.00936145,0,0.003748974,0
7556430325,0,0,0.002392718,0.8546032,0.1453968,0,0.052444146,0
7549104900,0,0,0.019347569,0.687268,0.312732,0,0.12203212,0
7556247463,0,0,0.007353999,0.66730314,0.33269686,0,0.121224,0
7556168054,0,0,0.07588379,0.84318453,0.15681547,0,0.104209879,0
7556132772,1,1,0.95531166,0.68894076,0.31105924,0,0.729823281,1
7554038588,0,0,0.000170487,0.5657585,0.4342415,0,0.152095341,0
7545621182,0,0,0.002151964,0.9678402,0.0321598,0,0.012654706,0
7551192121,0,0,0.004655123,0.9743107,0.0256893,0,0.012017085,0
7553874552,0,0,0.000673045,0.9465574,0.0534426,0,0.019142389,0
7555923254,0,0,0.020974759,0.01721676,0.98278324,1,0.357607727,0
7555747735,1,1,0.9727037,0.5916066,0.4083934,0,0.775195092,1
7555737835,0,0,0.040723387,0.28151396,0.71848604,1,0.277940315,0
7547239102,0,0,0.01773943,0.285697,0.714303,1,0.261536679,0
7555254929,1,1,0.9552661,0.04507637,0.95492363,1,0.955146253,1
7555250072,0,0,0.02809905,0.6047051,0.3952949,0,0.156617598,0
7548035941,0,0,0.00079203,0.8774755,0.1225245,0,0.043398394,0
7555067807,0,0,0.013383231,0.997393,0.002607,0,0.00961155,0
7555912161,1,1,0.9436837,0.59407276,0.40592724,0,0.755468914,1
7553873907,0,0,0.000243716,0.9290798,0.0709202,0,0.024980485,0
7553873879,0,0,0.001495814,0.68619776,0.31380224,0,0.110803063,0
7552331892,0,0,0.00128956,0.2309438,0.7690562,1,0.270007884,0
7552331800,0,0,0.000563153,0.74646103,0.25353897,0,0.089104689,0
7552331720,0,0,0.000271011,0.5523,0.4477,0,0.156871157,0
7552331617,0,0,0.000475804,0.8397504,0.1602496,0,0.056396633,0
7541142309,0,0,0.002226824,0.42174375,0.57825625,1,0.203837123,0
7540866192,0,0,0.002116075,0.41973078,0.58026922,1,0.204469676,0
7541173985,0,0,0.007339202,0.6535022,0.3464978,0,0.126044711,0
7552309877,0,0,0.005296531,0.59963447,0.40036553,0,0.143570681,0
7552309809,0,0,0.002119758,0.59908676,0.40091324,0,0.141697477,0
7552309735,0,0,0.000544832,0.41696817,0.58303183,1,0.204415281,0
7552309673,0,0,0.000337144,0.5096699,0.4903301,0,0.171834678,0
7552309527,0,0,0.002136391,0.6327812,0.3672188,0,0.129915234,0
7552001502,1,1,0.9879283,0.29280248,0.70719752,1,0.889672514,1
7551981543,0,0,0.3154112,0.5176811,0.4823189,0,0.373828899,0
7551952417,0,0,0.007338601,0.9405319,0.0594681,0,0.025583926,0
7540959596,0,0,0.026842719,0.4304082,0.5695918,1,0.216804896,0
7552331990,0,0,0.000237777,0.6846721,0.3153279,0,0.11051932,0
7552683553,1,0,0.10051267,0.5186231,0.4813769,0,0.233815147,0
7552942771,0,0,0.005076926,0.26990038,0.73009962,1,0.258834869,0
7552948930,0,0,0.010092135,0.29020187,0.70979813,1,0.254989233,0
7553873864,0,0,0.001099943,0.86140805,0.13859195,0,0.049222146,0
7553873847,0,0,0.000692153,0.72076046,0.27923954,0,0.098183738,0
7553707041,0,0,0.000611525,0.7818831,0.2181169,0,0.076738406,0
7553697264,0,0,0.058962684,0.81617755,0.18382245,0,0.102663599,0
7553644012,0,0,0.005933896,0.48789787,0.51210213,1,0.183092778,0
7553626898,0,0,0.036670595,0.33232355,0.66767645,1,0.257522644,0
7553583356,0,0,0.000967677,0.77090585,0.22909415,0,0.080811943,0
7553478242,0,0,0.000899631,0.6848707,0.3151293,0,0.110880015,0
7553873900,0,0,0.00159258,0.95192975,0.04807025,0,0.017859765,0
7553455132,1,1,0.9896385,0.77521825,0.22478175,0,0.721938621,1
7553335194,0,0,0.001894129,0.9496799,0.0503201,0,0.018843219,0
7553266013,0,0,0.078929044,0.84013957,0.15986043,0,0.107255029,0
7542058535,0,0,0.000619939,0.60969186,0.39030814,0,0.137010809,0
7542953334,0,0,0.002071947,0.81391346,0.18608654,0,0.066477055,0
7542187398,0,0,0.002587498,0.9010169,0.0989831,0,0.036325959,0
7542116387,0,0,0.00191531,0.53569424,0.46430576,0,0.163751968,0
7542971214,0,0,0.011282641,0.55556154,0.44443846,0,0.162887178,0
7552988717,0,0,0.000269722,0.47404024,0.52595976,1,0.184261235,0
7549671570,1,0,0.03154221,0.8448073,0.1551927,0,0.074819882,0
7555809132,0,0,0.003024388,0.79026264,0.20973736,0,0.075373928,0
7557069834,1,1,0.9451515,0.14394802,0.85605198,1,0.913966664,1
7564573869,0,0,0.11098122,0.33889568,0.66110432,1,0.3035243,0
7564560963,0,0,0.007423336,0.88562,0.11438,0,0.044858168,0
7564560497,0,0,0.001147631,0.8077796,0.1922204,0,0.0680231,0
7564560404,0,0,0.000482089,0.3991846,0.6008154,1,0.210598748,0
7564492866,0,0,0.000465692,0.98778653,0.01221347,0,0.004577414,0
7560784187,0,0,0.002234367,0.99438876,0.00561124,0,0.003416272,0
7562333052,0,0,0.000452897,0.8983161,0.1016839,0,0.035883748,0
7564481986,0,0,0.001569481,0.85750437,0.14249563,0,0.050893633,0
7564481937,0,0,0.000191771,0.97260207,0.02739793,0,0.009713927,0
7564481886,0,0,0.000661211,0.93691,0.06309,0,0.022511287,0
7564481825,0,0,0.000615531,0.7602306,0.2397694,0,0.084319385,0
7564481771,0,0,0.000156386,0.85205483,0.14794517,0,0.05188246,0
7561804814,1,1,0.87692314,0.6728486,0.3271514,0,0.684502983,1
7562658753,0,0,0.001561269,0.11978463,0.88021537,1,0.309090204,0
7564385591,0,1,0.8953803,0.5786724,0.4213276,0,0.729461816,1
7564375726,0,0,0.001104672,0.90005094,0.09994906,0,0.035700208,0
7558515188,0,0,0.002933685,0.948852,0.051148,0,0.019808695,0
7564376629,0,0,0.13003561,0.84738404,0.15261596,0,0.137938727,0
7556963731,0,0,0.0290556,0.6697952,0.3302048,0,0.13445782,0
7564596215,0,0,0.001970056,0.9502283,0.0497717,0,0.018700631,0
7558942967,0,0,0.19117299,0.32053515,0.67946485,1,0.362075135,0
7563486489,0,0,0.002797345,0.94191307,0.05808693,0,0.0221487,0
7563654603,0,0,0.001935262,0.99512494,0.00487506,0,0.002964191,0
7561525904,0,0,0.001064148,0.5191703,0.4808297,0,0.168982091,0
7561181538,0,0,0.001064148,0.5191703,0.4808297,0,0.168982091,0
7561181263,0,0,0.001064148,0.5191703,0.4808297,0,0.168982091,0
7561523264,0,0,0.10684821,0.4967643,0.5032357,1,0.245583827,0
7561523140,0,0,0.010975058,0.9456217,0.0543783,0,0.026166192,0
7560588187,0,0,0.092861824,0.34737098,0.65262902,1,0.288780339,0
7560049062,0,0,0.000426229,0.3446344,0.6553656,1,0.229655009,0
7564694425,0,0,0.000611525,0.78188306,0.21811694,0,0.07673842,0
7559334558,0,0,0.04521116,0.8457555,0.1542445,0,0.083372827,0
7562949867,0,0,0.004418576,0.8384965,0.1615035,0,0.059398299,0
7562697269,0,0,0.001184556,0.9932402,0.0067598,0,0.003135891,0
7562866468,0,0,0.00229616,0.8041833,0.1958167,0,0.070028349,0
7564610692,0,1,0.50165755,0.11056373,0.88943627,1,0.637380096,1
7564596646,0,0,0.00070946,0.912586,0.087414,0,0.031056049,0
7554275111,0,0,0.008555661,0.54993695,0.45006305,0,0.163083247,0
7560668785,0,0,0.010355517,0.51866376,0.48133624,0,0.17519877,0
7556382665,1,1,0.9940886,0.4870992,0.5129008,1,0.825672843,1
7564328552,0,0,0.001466488,0.94330245,0.05669755,0,0.020797359,0
7553186445,0,0,0.001355248,0.52118427,0.47881573,0,0.168466417,0
7562000220,0,0,0.062084045,0.48721564,0.51278436,1,0.219829154,0
7558836925,0,0,0.001442027,0.8254586,0.1745414,0,0.062026807,0
7554086039,0,0,0.000677022,0.90390354,0.09609646,0,0.034073825,0
7564158128,0,0,0.000960241,0.82365113,0.17634887,0,0.062346261,0
7564138292,0,0,0.000826668,0.9426627,0.0573373,0,0.020605389,0
7562702754,0,0,0.001618949,0.85672516,0.14327484,0,0.051198511,0
7553658233,1,0,0.098359756,0.7892176,0.2107824,0,0.137707682,0
7559189204,0,0,0.00028856,0.929005,0.070995,0,0.025035814,0
7557627381,0,0,0.002713612,0.8781528,0.1218472,0,0.044410368,0
7553221154,0,0,0.29672283,0.7786114,0.2213886,0,0.270355837,0
7559172836,0,0,0.004275583,0.3650308,0.6349692,1,0.225018349,0
7564083499,0,0,0.005351072,0.43027064,0.56972936,1,0.202883473,0
7564084275,0,0,0.004304118,0.18916002,0.81083998,1,0.286591669,0
7564082961,0,0,0.000682453,0.6932316,0.3067684,0,0.107812535,0
7564076219,0,0,0.00018964,0.87717956,0.12282044,0,0.04311042,0
7561688913,0,0,0.001136044,0.94829196,0.05170804,0,0.018836242,0
7556012690,0,0,0.000923372,0.89421254,0.10578746,0,0.037625802,0
7556019800,0,0,0.0004498,0.9036372,0.0963628,0,0.03401935,0
7559573638,0,0,0.001548356,0.68773645,0.31226355,0,0.110298674,0
7561072815,0,0,0.000449335,0.967647,0.032353,0,0.011615618,0
7561392296,0,0,0.000825161,0.9498774,0.0501226,0,0.018079265,0
7561517415,0,0,0.000219537,0.947809,0.052191,0,0.018409549,0
7564203372,0,0,0.000661748,0.4832812,0.5167188,1,0.181281716,0
7564203284,0,0,0.000404412,0.43463975,0.56536025,1,0.198138955,0
7564203131,0,0,0.000817731,0.105104774,0.894895226,1,0.313744855,0
7564203016,0,0,0.000772032,0.37747413,0.62252587,1,0.218385875,0
7561902889,0,0,0.002847534,0.67187905,0.32812095,0,0.116693229,0
7564202891,0,0,0.000616506,0.08535363,0.91464637,1,0.320526958,0
7564178935,0,0,0.001034714,0.91914815,0.08085185,0,0.028970712,0
7564173288,0,0,0.000597464,0.97465646,0.02534354,0,0.009258591,0
7564164289,0,0,0.000597448,0.8757389,0.1242611,0,0.043879726,0
7562339439,0,0,0.000365504,0.6824127,0.3175873,0,0.111393133,0
7561374283,0,0,0.000139418,0.37914366,0.62085634,1,0.217390341,0
7561367605,0,0,0.000373763,0.93824476,0.06175524,0,0.02185728,0
7561378212,0,0,0.000472565,0.58549386,0.41450614,0,0.145384316,0
7561363201,0,0,0.000328689,0.8821835,0.1178165,0,0.041449423,0
7564183767,0,0,0.000339255,0.86280406,0.13719594,0,0.048239095,0
7563152217,1,1,0.6386223,0.5668267,0.4331733,0,0.566715134,1
7564852991,0,0,0.001770042,0.26773784,0.73226216,1,0.257442283,0
7555712792,0,0,0.000485448,0.9133839,0.0866161,0,0.030631176,0
7554845205,0,0,0.000243987,0.90315783,0.09684217,0,0.034053351,0
7554844727,0,0,0.002820478,0.8986341,0.1013659,0,0.037311376,0
7557255480,1,1,0.9451515,0.21408881,0.78591119,1,0.889417388,1
7561954619,0,0,0.000988417,0.56955796,0.43044204,0,0.151297185,0
7561604672,0,0,0.000212095,0.60364515,0.39635485,0,0.138862059,0
7561601038,0,0,0.000139418,0.3462011,0.6537989,1,0.228920237,0
7561598052,0,0,0.000373763,0.97927374,0.02072626,0,0.007497137,0
7561594121,0,0,0.000328689,0.7775803,0.2224197,0,0.078060543,0
7561589917,0,0,0.000449335,0.967647,0.032353,0,0.011615618,0
7557761116,0,0,0.062084045,0.48721564,0.51278436,1,0.219829154,0
7554849338,0,0,0.002187563,0.6669153,0.3330847,0,0.118001561,0
7558298147,0,0,0.00173609,0.9195713,0.0804287,0,0.029278504,0
7556631887,0,0,0.000923372,0.89421254,0.10578746,0,0.037625802,0
7556948750,0,0,0.062084045,0.48721564,0.51278436,1,0.219829154,0
7558265237,0,0,0.001442027,0.8661908,0.1338092,0,0.047770537,0
7554844889,0,0,0.000677022,0.90390354,0.09609646,0,0.034073825,0
7562642375,0,0,0.002066401,0.91667366,0.08332634,0,0.03050738,0
7556020253,0,0,0.000642237,0.8013126,0.1986874,0,0.069958044,0
7556020758,0,0,0.000653819,0.05936342,0.94063658,1,0.329647786,0
7560741822,0,0,0.001455623,0.8117291,0.1882709,0,0.06684097,0
7561563987,0,0,0.003382111,0.9364105,0.0635895,0,0.024454697,0
7559029505,0,0,0.000432804,0.9747844,0.0252156,0,0.009106782,0
7559036031,0,0,0.008976742,0.71730036,0.28269964,0,0.104779756,0
7558857843,0,0,0.002859268,0.42576048,0.57423952,1,0.202842356,0
7565226108,0,0,0.000240118,0.8926739,0.1073261,0,0.037720212,0
7565218714,1,1,0.837219,0.21243075,0.78756925,1,0.819841552,1
7565224586,0,0,0.001355248,0.52118427,0.47881573,0,0.168466417,0
7564206686,1,1,0.9947623,0.28098914,0.71901086,1,0.898249279,1
7564163322,0,0,0.00249776,0.8085981,0.1914019,0,0.068614209,0
7561050519,0,0,0.010253188,0.73271245,0.26728755,0,0.100215215,0
7564162967,0,0,0.001248388,0.9424262,0.0575738,0,0.020962282,0
7563383469,0,0,0.006504883,0.922948,0.077052,0,0.031196374,0
7563372092,0,0,0.000704216,0.4529641,0.5470359,1,0.191920305,0
7563382969,0,0,0.000597365,0.63293093,0.36706907,0,0.128862462,0
7562591222,0,0,0.00353595,0.8507491,0.1492509,0,0.054536182,0
7562799864,0,1,0.5785038,0.35972652,0.64027348,1,0.600123153,1
7561564406,0,0,0.003414917,0.5996274,0.4003726,0,0.142350106,0
7561858508,0,0,0.004048804,0.57676345,0.42323655,0,0.150764515,0
7560989775,0,0,0.000439371,0.7418302,0.2581698,0,0.090645021,0
7563385179,0,0,0.001441126,0.6565565,0.3434435,0,0.121141957,0
7560148512,0,0,0.029879684,0.5682419,0.4317581,0,0.170537129,0
7563756065,0,0,0.009482716,0.48023522,0.51976478,1,0.188081438,0
7563628333,0,0,0.001426346,0.9655905,0.0344095,0,0.01297045,0
7565016691,1,1,0.9225792,0.19175725,0.80824275,1,0.882561452,1
7565004309,0,0,0.000705384,0.98129946,0.01870054,0,0.007003688,0
7564997639,0,0,0.002022335,0.88160414,0.11839586,0,0.042753069,0
7564994350,0,1,0.6246793,0.6734775,0.3265225,0,0.520324438,1
7564983337,0,0,0.012677101,0.55822146,0.44177854,0,0.162862604,0
7564982822,0,0,0.001693776,0.3478818,0.6521182,1,0.229342324,0
7564177465,0,0,0.001030368,0.54246706,0.45753294,0,0.160806268,0
7561866019,0,0,0.000550481,0.8479558,0.1520442,0,0.053573282,0
7560942190,0,0,0.01671498,0.29647854,0.70352146,1,0.257097248,0
7561857002,0,0,0.00011684,0.81895995,0.18104005,0,0.063439963,0
7559496324,0,0,0.00481098,0.5238381,0.4761619,0,0.169783802,0
7562272337,0,0,0.001008418,0.54519475,0.45480525,0,0.159837309,0
7555472503,0,0,0.024456833,0.6724599,0.3275401,0,0.130535976,0
7561499091,1,1,0.98003215,0.85533756,0.14466244,0,0.68765274,1
7564872629,0,0,0.004339711,0.13914704,0.86085296,1,0.304119348,0
7555715424,0,0,0.36581093,0.5157552,0.4842448,0,0.407262779,0
7554921187,0,0,0.36652118,0.6244642,0.3755358,0,0.369676282,0
7562365873,0,0,0.00112143,0.92725974,0.07274026,0,0.026188021,0
7563551824,0,0,0.001124464,0.9006862,0.0993138,0,0.035490732,0
7563174065,0,0,0.001063756,0.8522161,0.1477839,0,0.052415806,0
7561803480,0,0,0.000233555,0.5933505,0.4066495,0,0.142479136,0
7560406956,0,0,0.161903,0.99066955,0.00933045,0,0.108502598,0
7558316095,0,0,0.10537032,0.46565166,0.53434834,1,0.255512625,0
7560396747,0,0,0.026801923,0.89443916,0.10556084,0,0.054367543,0
7565124783,0,0,0.002446344,0.9878555,0.0121445,0,0.005840699,0
7565095913,0,0,0.001509202,0.9500308,0.0499692,0,0.018470201,0
7561018159,0,0,0.00124575,0.9620733,0.0379267,0,0.014084082,0
7562432529,0,0,0.012548601,0.7694065,0.2305935,0,0.088864315,0
7556553385,0,0,0.000397133,0.98055786,0.01944214,0,0.007062886,0
7560967692,0,0,0.047455415,0.86008334,0.13991666,0,0.079816849,0
7565072784,0,1,0.9962339,0.7252625,0.2747375,0,0.743710138,1
7561125155,0,0,0.00195968,0.66582537,0.33417463,0,0.118234912,0
7561125025,0,0,0.010387201,0.66582537,0.33417463,0,0.123712801,0
7565033261,0,0,0.000102432,0.85712683,0.14287317,0,0.05007219,0
7563538968,0,0,0.000330073,0.75683457,0.24316543,0,0.085322448,0
7563540079,0,0,0.000578249,0.75332546,0.24667454,0,0.086711951,0
7563540988,0,0,0.000162204,0.2606766,0.7393234,1,0.258868622,0
7560967191,0,0,0.002289004,0.1099319,0.8900681,1,0.313011688,0
7548737351,0,0,0.000611525,0.7818832,0.2181168,0,0.076738371,0
7561739818,0,0,0.001085148,0.9133544,0.0866456,0,0.031031306,0
7563892656,0,0,0.002095543,0.81042343,0.18957657,0,0.067713902,0
7551813925,0,0,0.006504883,0.6040944,0.3959056,0,0.142795134,0
7553041908,0,0,0.003404243,0.76993656,0.23006344,0,0.082734962,0
7552880684,0,0,0.002152584,0.6057434,0.3942566,0,0.13938899,0
7562218458,0,0,0.055747177,0.34198174,0.65801826,1,0.266542055,0
7562192698,1,1,0.8268458,0.20916095,0.79083905,1,0.814243445,1
7562122805,0,0,0.013943256,0.9006715,0.0993285,0,0.043828091,0
7554822007,0,0,0.000405838,0.40092283,0.59907717,1,0.209940804,0
7562080529,0,0,0.001040638,0.993442,0.006558,0,0.002971715,0
7562079747,0,0,0.012552484,0.5840712,0.4159288,0,0.153734194,0
7561845879,0,0,0.003823145,0.92546356,0.07453644,0,0.028572798,0
7551178735,0,0,0.002460866,0.40713748,0.59286252,1,0.209101445,0
7561724184,0,0,0.000574421,0.46005633,0.53994367,1,0.189353658,0
7561709387,0,0,0.000470768,0.106873125,0.893126875,1,0.312900406,0
7561708542,0,0,0.005242931,0.7649529,0.2350471,0,0.08567439,0
7561707704,0,0,0.000485881,0.15941927,0.84058073,1,0.294519078,0
7554922089,0,0,0.014157331,0.36802727,0.63197273,1,0.23039272,0
7561582962,0,0,0.059301805,0.36370426,0.63629574,1,0.26124968,0
7552220597,0,0,0.000597365,0.63293093,0.36706907,0,0.128862462,0
7561534886,0,0,0.003726514,0.11399039,0.88600961,1,0.312525597,0
7551671437,0,0,0.001441126,0.46128505,0.53871495,1,0.189486964,0
7554630992,0,1,0.55551416,0.39491102,0.60508898,1,0.572865336,1
7562405617,0,0,0.000496533,0.7737163,0.2262837,0,0.079522041,0
7562405512,0,0,0.000481415,0.6781187,0.3218813,0,0.112971375,0
7562398056,0,0,0.000826936,0.9075574,0.0924426,0,0.032892418,0
7562397863,0,0,0.00050202,0.32322368,0.67677632,1,0.237198025,0
7562397735,0,0,0.000622097,0.16469927,0.83530073,1,0.292759619,0
7562397632,0,0,0.000734197,0.42365295,0.57634705,1,0.202198695,0
7562397498,0,0,0.000686412,0.18869214,0.81130786,1,0.284403919,0
7562396267,0,0,0.000830503,0.0598984,0.9401016,1,0.329575387,0
7562396090,0,0,0.001001712,0.7449684,0.2550316,0,0.089912173,0
7562395972,0,0,0.003908373,0.9067227,0.0932773,0,0.035187497,0
7562395842,0,0,0.001620899,0.7910023,0.2089977,0,0.074202779,0
7562395704,0,0,0.000471755,0.53434867,0.46565133,0,0.163284606,0
7562376891,0,0,9.62E-05,0.6946707,0.3053293,0,0.106927765,0
7562376778,0,0,0.001275169,0.39890578,0.60109422,1,0.211211837,0
7562376635,0,0,0.000457402,0.90445405,0.09554595,0,0.033738394,0
7562376532,0,0,0.001182414,0.5751901,0.4248099,0,0.149452034,0
7562376375,0,0,0.000806526,0.56287223,0.43712777,0,0.153518961,0
7551666822,1,1,0.9477711,0.1805104,0.8194896,1,0.902872557,1
7556889462,0,0,0.00055035,0.8378955,0.1621045,0,0.057094302,0
7561464815,0,0,0.000768465,0.98712385,0.01287615,0,0.005006155,0
7561415859,0,0,0.015174084,0.7590607,0.2409393,0,0.094191909,0
7561021907,0,0,0.000946432,0.88993,0.11007,0,0.039139681,0
7561021848,0,0,0.000331498,0.18831831,0.81168169,1,0.284304065,0
7561018822,0,0,0.000565656,0.5458109,0.4541891,0,0.159333862,0
7561018740,0,0,0.001079577,0.5418996,0.4581004,0,0.161036865,0
7561018684,0,0,0.000422684,0.7519309,0.2480691,0,0.08709893,0
7561018581,0,0,0.000472237,0.9316505,0.0683495,0,0.024229279,0
7561018510,0,0,0.000173352,0.4327833,0.5672167,1,0.198638524,0
7561001302,0,0,0.000771859,0.9308615,0.0691385,0,0.024700184,0
7560950104,0,0,0.001628602,0.5063238,0.4936762,0,0.173845261,0
7557502743,0,0,0.004005069,0.99059635,0.00940365,0,0.005894572,0
7559317864,0,0,0.00137416,0.9493173,0.0506827,0,0.018632149,0
7560846448,0,0,0.000233615,0.99442244,0.00557756,0,0.002103996,0
7554889347,0,0,0.000771482,0.91694987,0.08305013,0,0.029569009,0
7559304005,1,1,0.92632973,0.08885841,0.91114159,1,0.921013876,1
7558266109,0,0,0.01120424,0.91886306,0.08113694,0,0.035680685,0
7555863684,0,0,0.011576168,0.83592176,0.16407824,0,0.064951893,0
7561021966,0,0,0.000250072,0.83295673,0.16704327,0,0.058627691,0
7561022027,0,0,0.000219277,0.48702154,0.51297846,1,0.179684991,0
7561022100,0,0,0.00088647,0.47075626,0.52924374,1,0.185811514,0
7561023104,0,0,0.003486325,0.7493221,0.2506779,0,0.090003376,0
7561415649,0,0,0.001883734,0.7881549,0.2118451,0,0.075370212,0
7561415518,0,0,0.2951126,0.7726567,0.2273433,0,0.271393339,0
7561415392,0,0,0.001883734,0.7881549,0.2118451,0,0.075370212,0
7561415223,0,0,0.015174084,0.7590607,0.2409393,0,0.094191909,0
7561291127,0,0,0.060539953,0.5828771,0.4171229,0,0.185343983,0
7561289674,0,0,0.060036123,0.23790567,0.76209433,1,0.305756493,0
7561277901,1,1,0.81042033,0.5801287,0.4198713,0,0.673728169,1
7552527488,0,0,0.001582552,0.7064765,0.2935235,0,0.103761884,0
7562405713,0,0,0.000337874,0.7707003,0.2292997,0,0.080474513,0
7561107215,0,0,0.000281382,0.38164577,0.61835423,1,0.216606879,0
7561059308,0,0,0.044148363,0.7981408,0.2018592,0,0.099347155,0
7553966782,0,0,0.3161208,0.44202405,0.55797595,1,0.400770102,0
7561024371,0,0,0.000915103,0.38352734,0.61647266,1,0.216360248,0
7561024294,0,0,0.003221759,0.36937895,0.63062105,1,0.222811511,0
7561023411,0,0,0.000921173,0.6273573,0.3726427,0,0.131023707,0
7561023317,0,0,0.000497893,0.94593775,0.05406225,0,0.019245418,0
7561023263,0,0,0.000497893,0.94593775,0.05406225,0,0.019245418,0
7561023165,0,0,0.000136327,0.44455072,0.55544928,1,0.194495861,0
7561075884,0,0,0.000768737,0.8846738,0.1153262,0,0.040863849,0
7562405850,0,0,0.000859084,0.5871714,0.4128286,0,0.145048414,0
7562406707,0,0,0.000265368,0.44474748,0.55525252,1,0.194510871,0
7562406801,0,0,0.001112915,0.8892198,0.1107802,0,0.039496465,0
7563390740,0,0,0.000782296,0.7361748,0.2638252,0,0.092847313,0
7563390662,0,0,0.000121167,0.28506908,0.71493092,1,0.250304581,0
7563390578,0,0,0.001646222,0.93628955,0.06371045,0,0.023368702,0
7563390471,0,0,0.001134577,0.83757734,0.16242266,0,0.057585406,0
7552390130,0,0,0.00249776,0.77247554,0.22752446,0,0.081257105,0
7554088147,0,0,0.002820478,0.8986341,0.1013659,0,0.037311376,0
7552389788,0,0,0.000243987,0.9464063,0.0535937,0,0.018916387,0
7558540310,0,0,0.000884358,0.89402866,0.10597134,0,0.037664802,0
7552403604,0,0,0.000874857,0.7474809,0.2525191,0,0.088950342,0
7553185933,0,0,0.000677022,0.90390354,0.09609646,0,0.034073825,0
7559424634,0,0,0.000423437,0.8489678,0.1510322,0,0.053136504,0
7558805322,0,0,0.000531678,0.799102,0.200898,0,0.070659891,0
7561394851,0,0,0.000153522,0.9488099,0.0511901,0,0.018016324,0
7563345412,0,0,0.004157539,0.90815604,0.09184396,0,0.034847786,0
7559463929,0,0,0.008039878,0.7542494,0.2457506,0,0.09123863,0
7559467479,0,0,0.000283664,0.89254016,0.10745984,0,0.037795326,0
7563443322,0,1,0.5139867,0.8298777,0.1701223,0,0.393634141,0
7554035132,0,0,0.008064226,0.9584477,0.0415523,0,0.019785052,0
7563891904,0,0,0.009042552,0.872194,0.127806,0,0.050609758,0
7561739259,0,0,0.008471246,0.73662907,0.26337093,0,0.097686135,0
7563812682,0,0,0.00036082,0.43435505,0.56564495,1,0.198210265,0
7557334866,0,0,0.001003612,0.94800377,0.05199623,0,0.018851028,0
7557323064,1,1,0.78466904,0.9401668,0.0598332,0,0.530976479,1
7563773603,0,0,0.006887139,0.50497705,0.49502295,0,0.177734673,0
7561918578,0,0,0.001298625,0.67139983,0.32860017,0,0.115854166,0
7563703720,0,0,0.010242857,0.98125964,0.01874036,0,0.013216983,0
7561076906,0,0,0.003012939,0.9754581,0.0245419,0,0.010548075,0
7563682661,0,0,0.000178368,0.74404335,0.25595665,0,0.089700766,0
7563645283,0,0,0.002526037,0.93007356,0.06992644,0,0.026116178,0
7563629943,0,0,0.001695869,0.9209105,0.0790895,0,0.02878364,0
7561890013,0,0,0.004544802,0.7870115,0.2129885,0,0.077500096,0
7563603135,0,0,0.00369658,0.47796032,0.52203968,1,0.185116665,0
7563554387,0,0,0.00029004,0.6392282,0.3607718,0,0.126458656,0
7563554293,0,0,0.013638157,0.65108097,0.34891903,0,0.130986462,0
7563554053,0,0,0.000302007,0.67266333,0.32733667,0,0.114764139,0
7563544954,0,0,0.010412081,0.9655385,0.0344615,0,0.018829378,0
7553008675,0,0,0.008852127,0.87196624,0.12803376,0,0.050565698,0
7563919594,0,0,0.000857698,0.79858977,0.20141023,0,0.071051084,0
7560132776,0,0,0.00124821,0.87581044,0.12418956,0,0.044277683,0
7559472133,0,0,0.000840726,0.5112798,0.4887202,0,0.171598542,0
7553591607,0,0,0.010574898,0.4398404,0.5601596,1,0.202929543,0
7562831599,0,0,0.000447363,0.38154727,0.61845273,1,0.216749241,0
7562831532,0,0,0.001421337,0.39704996,0.60295004,1,0.211956383,0
7562831450,0,0,0.000345041,0.9793611,0.0206389,0,0.007447891,0
7562770413,0,0,0.000861897,0.42900142,0.57099858,1,0.200409736,0
7562770156,0,0,0.000221397,0.49611235,0.50388765,1,0.176504586,0
7562770027,0,0,0.001305296,0.4573303,0.5426697,1,0.190782838,0
7562769895,0,0,0.008418815,0.6940344,0.3059656,0,0.11256019,0
7554079752,0,0,0.012661857,0.91420066,0.08579934,0,0.038259976,0
7562643132,1,1,0.9894703,0.7340253,0.2659747,0,0.736246839,1
7559980701,0,0,0.000434512,0.5586115,0.4413885,0,0.154768408,0
7562572995,0,0,0.012045916,0.8534011,0.1465989,0,0.05913946,0
7561442122,0,0,0.022515178,0.5915314,0.4084686,0,0.157598875,0
7562502849,0,0,0.006127379,0.31983274,0.68016726,1,0.242041337,0
7560501631,0,0,0.001786624,0.98454076,0.01545924,0,0.00657204,0
7560346891,0,0,0.00182856,0.9727214,0.0272786,0,0.010736074,0
7562406910,0,0,0.000223627,0.6516952,0.3483048,0,0.122052037,0
7554116290,0,0,0.020141823,0.91960156,0.08039844,0,0.041231638,0
7559870859,0,0,0.000849383,0.90005094,0.09994906,0,0.03553427,0
7553091610,0,0,0.005726852,0.44258916,0.55741084,1,0.198816247,0
7559812813,0,0,0.00073607,0.93460876,0.06539124,0,0.023365379,0
7563213742,0,0,0.000263698,0.9196359,0.0803641,0,0.028298839,0
7563192217,0,0,0.002260418,0.9010747,0.0989253,0,0.036093127,0
7552326535,0,0,0.005638432,0.8405134,0.1594866,0,0.05948529,0
7552814977,0,0,0.003549646,0.5859106,0.4140894,0,0.147238559,0
7552802559,0,0,0.030002495,0.5220838,0.4779162,0,0.186772291,0
7563090610,0,0,0.010360018,0.85722756,0.14277244,0,0.056704366,0
7563087702,0,0,0.001841846,0.97972804,0.02027196,0,0.008292386,0
7561073327,0,0,0.000156845,0.928433,0.071567,0,0.025150399,0
7558512410,1,1,0.99715364,0.5294155,0.4705845,0,0.812854423,1
7563012279,0,0,0.0013006,0.7705989,0.2294011,0,0.081135775,0
7562970617,0,0,0.02787441,0.93162227,0.06837773,0,0.042050572,0
7562969531,0,0,0.073171444,0.9773467,0.0226533,0,0.055490092,0
7562968916,0,0,0.001595761,0.65845084,0.34154916,0,0.120579451,0
7562968769,0,0,0.02787441,0.93162227,0.06837773,0,0.042050572,0
7562959070,1,1,0.9703678,0.5487442,0.4512558,0,0.788678563,1
7562958820,0,0,0.02809905,0.5175441,0.4824559,0,0.187123948,0
7558371881,0,0,6.17E-05,0.7326562,0.2673438,0,0.093610425,0
7563012822,0,0,0.0013006,0.7705989,0.2294011,0,0.081135775,0
7545093873,0,0,0.012568594,0.2050953,0.7949047,1,0.286386231,0
